pair_id,file_a,file_b,class_a,class_b,distance,status,preview,decision
a9792aab491839e75437a673f3f2b589449685b1b574d959448fb914f69e8613,esca/esca104.jpg,leaf blight/leaf blight391.jpg,vl_black_measles,vl_leaf_blight,2,near_duplicate_candidate,000000_a9792aab4918.jpg,duplicate
63d81ace554c7288ea52443eeb8916625bd2216bd2e35323b01a29b2d58183b4,esca/esca104.jpg,leaf blight/leaf blight392.jpg,vl_black_measles,vl_leaf_blight,2,near_duplicate_candidate,000001_63d81ace554c.jpg,duplicate
ede8ffc77577d31f3a2730ff38a5fd2236fbe942e016ba13de72197b5a48d3b9,esca/esca144.jpg,leaf blight/leaf blight413.jpg,vl_black_measles,vl_leaf_blight,2,near_duplicate_candidate,000002_ede8ffc77577.jpg,duplicate
41575bb18503e99b69f31ca9a8d9f6baaf3ba43d284aeae5f0e58cc1ce53d68b,esca/esca144.jpg,leaf blight/leaf blight414.jpg,vl_black_measles,vl_leaf_blight,2,near_duplicate_candidate,000003_41575bb18503.jpg,duplicate
659e7e32c220aeb83269abeb2763d6a61f07566167cae19fcd390b5567ddd6bd,esca/esca502.jpg,leaf blight/leaf blight563.jpg,vl_black_measles,vl_leaf_blight,2,near_duplicate_candidate,000004_659e7e32c220.jpg,duplicate
4d849cef235ba15d016a100b7bc0fe803431e0ece7bd52c75a5850c1770ce63c,esca/esca502.jpg,leaf blight/leaf blight564.jpg,vl_black_measles,vl_leaf_blight,2,near_duplicate_candidate,000005_4d849cef235b.jpg,duplicate
822ef5e1e9386f47363d622f79309e12621bef7bb730efb47422fd314134e91c,esca/esca630.jpg,leaf blight/leaf blight605.jpg,vl_black_measles,vl_leaf_blight,2,near_duplicate_candidate,000006_822ef5e1e938.jpg,duplicate
ec4d7a47c579aeac1f62cb3b7da73784e74115d46784c47b83dab2ec3065a591,esca/esca630.jpg,leaf blight/leaf blight606.jpg,vl_black_measles,vl_leaf_blight,2,near_duplicate_candidate,000007_ec4d7a47c579.jpg,duplicate
72bf2db644191dd215432255a3845f8b26b3c80b7e72ce77a2f1d63b88d009cd,esca/esca687.jpg,leaf blight/leaf blight647.jpg,vl_black_measles,vl_leaf_blight,2,near_duplicate_candidate,000008_72bf2db64419.jpg,duplicate
0562b8fdad8d2d24770367fd8d2d82e16712e26929b324cc5388eef49e53b9d7,esca/esca687.jpg,leaf blight/leaf blight648.jpg,vl_black_measles,vl_leaf_blight,2,near_duplicate_candidate,000009_0562b8fdad8d.jpg,duplicate
b4268e8b69c0645b3fcc1fa98f7a40210715699b46888ddd63a24d922efa4d9b,esca/esca782.jpg,leaf blight/leaf blight665.jpg,vl_black_measles,vl_leaf_blight,2,near_duplicate_candidate,000010_b4268e8b69c0.jpg,duplicate
932c3208e8622c26cd206e9365879e99e25e32338fcb155236b0793b61f6d8fa,esca/esca782.jpg,leaf blight/leaf blight666.jpg,vl_black_measles,vl_leaf_blight,2,near_duplicate_candidate,000011_932c3208e862.jpg,duplicate
f9cae64353f43717110dd632fc991df971d8737362885eee3451ce4cfe0999f2,healthy/healthy062.jpg,healthy/healthy749.jpg,healthy_leaf,healthy_leaf,4,near_duplicate_candidate,000012_f9cae64353f4.jpg,duplicate
2ba5d6b429c509d4d8fdf3dc2aa9aa773a02279e19fd88528dbbf52da1e2b89b,leaf blight/leaf blight035.jpg,leaf blight/leaf blight037.jpg,vl_leaf_blight,vl_leaf_blight,4,near_duplicate_candidate,000013_2ba5d6b429c5.jpg,duplicate
b7f63032e138ea27153ca3859697d03ee0856d23d5ad68c0056497be918d457d,leaf blight/leaf blight035.jpg,leaf blight/leaf blight038.jpg,vl_leaf_blight,vl_leaf_blight,4,near_duplicate_candidate,000014_b7f63032e138.jpg,duplicate
a6e4e11d6612a21e162591f8b99503c25516f6aaaee9b194ed1b8e4cb06b805e,leaf blight/leaf blight036.jpg,leaf blight/leaf blight037.jpg,vl_leaf_blight,vl_leaf_blight,4,near_duplicate_candidate,000015_a6e4e11d6612.jpg,duplicate
e6f3dbe3862fd5d2a7d588180265107ac815b60a63c4e3a9ed53851769ad3528,leaf blight/leaf blight036.jpg,leaf blight/leaf blight038.jpg,vl_leaf_blight,vl_leaf_blight,4,near_duplicate_candidate,000016_e6f3dbe3862f.jpg,duplicate
